ZCR,energia total,dynamic_range,max_amp,min_amp,mean_amp,ff,centroid_mean,bandwidth_mean,tempo,num_onset,mean_ioi,variance_ioi,onset_density
0.4959684244264143,172273382,90.3087329864502,32767,1,20833.865196405015,1077.59,4191.6594683097155,3358.66726656304,132.51201923076923,266,0.07114944594189877,0.0010516986557767495,14.107960668103448,3715
0.4970045261609708,107764880,90.3087329864502,32767,1,20829.534410505727,1057.13,5769.2263839776015,3505.054470717351,156.60511363636363,189,0.08028175809330823,0.001536221210356837,12.522385817307692,3716
0.49747695293546823,153151869,90.3087329864502,32767,1,20832.88110487281,1625.29,5859.868560155703,3329.732118455553,129.19921875,260,0.08790411402656302,0.0019023975631262268,11.419954742478327,3717
0.4959925524022866,128381527,90.3087329864502,32767,1,20833.317693054887,1248.6,3856.18653216757,3453.964745226658,151.99908088235293,181,0.07752884857646762,0.0014073072317007582,12.970082414725457,3718
0.49827085721827374,179187235,90.3087329864502,32767,1,20833.513367952448,1997.38,8178.813431507993,3149.280472777514,101.33272058823529,337,0.09284526509016305,0.003249839689030582,10.802663867696316,3727
0.496081813542131,66298080,90.3087329864502,32767,1,20835.81392975044,1558.74,5946.224852297621,3412.180277893399,109.95678191489361,87,0.08032484311554078,0.0021197232448229857,12.594209558823529,3729
0.4975236018791839,109677409,90.3087329864502,32767,1,20833.847935705675,831.05,3639.276803916553,3588.580196757666,95.703125,125,0.07696291419793724,0.0014728539179126633,13.098055428832117,3732
0.49670858242286814,114538446,90.3087329864502,32767,1,20826.538010490392,862.36,3424.3026470463537,3541.3652427701722,92.28515625,145,0.06820861678004536,0.0009507954218892575,14.762716090425531,3733
0.4969356163518039,111434051,90.3087329864502,32767,1,20829.778327120323,2427.58,8775.59365876015,3320.0694853001105,156.60511363636363,140,0.0922951434770551,0.0023725716822078614,10.912754524886877,3734
0.4960811883494935,72013186,90.3087329864502,32767,1,20832.25396825397,1075.43,3556.447640788623,3472.260494778466,123.046875,119,0.07054537069064915,0.0009827374435466838,14.295404027196652,3735
0.49657073085644515,60169667,84.2881327867508,32767,2,20836.216888191175,1124.56,9246.164387190724,3732.047880308807,123.046875,85,0.0749119965446496,0.0018145666072504315,13.507913399446494,3745
0.49912667769810626,66491181,90.3087329864502,32767,1,20829.063994266377,2550.93,8448.491763209759,3139.5244249400444,166.70866935483872,161,0.08286621315192744,0.0015542942703914565,12.143067261383536,3747
0.4987884042505891,96961679,90.3087329864502,32767,1,20830.003699628,2217.83,8690.218194074054,3394.9797578266243,166.70866935483872,160,0.07593947432222364,0.0012898318218244884,13.251201923076923,3748
0.5008067743226323,89280135,90.3087329864502,32767,1,20833.115738768625,2382.59,8731.54712171564,3156.3180458546694,178.20581896551724,121,0.08736507936507937,0.0029743164765024103,11.541606104651162,3749
0.4959597816740674,42186757,90.3087329864502,32767,1,20833.82061282061,3550.37,13449.572580203187,2917.685845983643,126.04801829268293,183,0.06666168298821361,0.0008182756777923961,15.08354515550239,3750
0.5012537504938721,153137504,90.3087329864502,32767,1,20832.106801547532,2847.49,10046.546681971613,2854.973448133668,129.19921875,209,0.0833350776207919,0.0022269241615881343,12.057439927997322,3751
0.5071443756073858,134615375,90.3087329864502,32767,1,20837.163075498058,2525.57,12143.159961634132,3097.7548149218965,184.5703125,101,0.08881632653061225,0.001658947290480819,11.371783088235293,3754
0.49865440681767215,72126296,90.3087329864502,32767,1,20834.897286387084,1205.56,8995.789413681967,3729.822111203702,107.666015625,74,0.09844624607834002,0.002965819319879886,10.29697596930533,3758
0.49719345866425385,22880741,90.3087329864502,32767,1,20834.122139003386,1849.71,8319.748571772581,3281.171016589507,107.666015625,106,0.07673642155274808,0.001490397457802717,13.155732168587896,3759
0.5016165806982134,35814135,90.3087329864502,32767,1,20831.460065161595,1831.65,6407.977607467675,3377.1412735485706,105.46875,91,0.07933484504913076,0.0014025812061618096,12.74485518292683,3761
0.496533329153474,39043961,90.3087329864502,32767,1,20832.25735132763,1947.74,7408.096707213502,3237.8398383662347,97.50884433962264,117,0.07426382047071702,0.0016125704144756853,13.58158903301887,3762
0.4972627940064915,165623635,90.3087329864502,32767,1,20833.646411342314,1819.49,6836.224135612486,3331.194428005735,117.45383522727273,247,0.09920395258374352,0.004173611833279247,10.121220117745004,3769
0.5037662981859411,103597452,90.3087329864502,32767,1,20838.918126417233,1884.9,8767.975292744888,3593.998417412128,109.95678191489361,47,0.13704821058858327,0.003771934517898537,7.455326312154695,3773
0.49601698318216175,61283865,90.3087329864502,32767,1,20833.690768494896,1297.45,3369.409915672183,3325.2203126278528,112.34714673913044,104,0.07360500187129868,0.0012237331690382793,13.717936447166922,3774
0.4984905204685424,86563626,90.3087329864502,32767,1,20845.32610572171,1342.85,3209.5569980953314,3438.600835843613,117.45383522727273,133,0.0758166701023844,0.0015836772127217932,13.289633483178653,3776
0.49590986394557823,80687795,90.3087329864502,32767,1,20838.547848639457,1199.56,2919.4354047860484,3483.3880187912873,135.99917763157896,119,0.06720012298704793,0.0008632410931507889,15.007034681551977,3777
0.49643830596211547,43911618,90.3087329864502,32767,1,20827.03190178428,1808.61,6439.716581337442,3338.9691099540755,178.20581896551724,120,0.08263572095504869,0.0017289034841310035,12.202995867768594,3778
0.4950739704483944,76583084,90.3087329864502,32767,1,20832.568690110453,1086.04,3768.046338610398,3399.8249425073336,95.703125,128,0.07688181834413556,0.0014666366158890146,13.109393579072533,3779
0.4969830103758675,81435953,90.3087329864502,32767,1,20832.59848270116,1156.27,4179.163501025621,3402.191797810229,92.28515625,135,0.0784973093715098,0.0018290997322163215,12.83435947847682,3781
0.4979040416828435,64367194,90.3087329864502,32767,1,20829.12033895444,2625.52,8365.851273487766,3305.440210618856,99.38401442307692,108,0.0746510691504016,0.001134043455578203,13.520848473837209,3786
0.49756300987828084,58506058,90.3087329864502,32767,1,20829.66224880757,1660.21,6804.466279006271,3510.502881792114,103.359375,74,0.09415214487621532,0.002963795802169694,10.7666015625,3787
0.49657135913060085,309218568,90.3087329864502,32767,1,20839.353879551578,2093.34,5819.651735378164,3503.3817771158647,114.84375,186,0.14785463014034442,0.010220860038098306,6.799958881578948,3788
0.4980514572351307,88645821,90.3087329864502,32767,1,20830.244515122067,763.34,3230.7762427441908,3614.7585282897485,107.666015625,67,0.10343434343434343,0.0026824637100456563,9.814453125,3790
0.49631755479969764,78483375,90.3087329864502,32767,1,20835.527043178383,1017.45,4584.200774906252,3380.360220202975,191.40625,119,0.08067950343979399,0.00166284244168859,12.49976181402439,3793
0.5002913003992528,73070111,90.3087329864502,32767,1,20833.7567898696,2108.34,8829.529063548503,3361.3581547683066,112.34714673913044,77,0.10296216732306958,0.002849572273764331,9.840098757418398,3796
0.5006784866177442,95878533,90.3087329864502,32767,1,20835.964063420644,1177.74,9634.69479309288,3414.290252658427,161.4990234375,154,0.0823321921361137,0.0018278080545814836,12.22530241935484,3797
0.4991853080700583,193447266,90.3087329864502,32767,1,20828.558005717623,1024.79,10296.662833191,3566.586725087503,123.046875,319,0.08178097234701008,0.001453622697857686,12.2662353515625,3798
0.49972689805849346,71769094,90.3087329864502,32767,1,20825.321094583123,2063.33,10644.41406859609,3132.9766432604565,143.5546875,125,0.07658839880038038,0.0011781639118145736,13.16210459963325,3799
0.4971991840876381,70544966,90.3087329864502,32767,1,20827.421023203802,1857.38,6212.976869733696,3185.8885159149104,123.046875,123,0.07108732017397124,0.0013469829523779092,14.18251129518072,3800
0.4981837179316171,132043744,90.3087329864502,32767,1,20833.7970921702,980.22,4954.405328222867,3631.4646812705764,172.265625,82,0.12412642423224433,0.00544039417066174,8.155762846420323,3810
0.49993216659883327,94358706,90.3087329864502,32767,1,20834.349451841514,1143.98,7841.467112694542,3822.239796915966,109.95678191489361,50,0.1390827895784164,0.005064255834890847,7.336696124361159,3813
0.4986691732723479,96129450,90.3087329864502,32767,1,20833.098364892016,934.91,3426.7755815694995,3560.8201976176765,112.34714673913044,91,0.07701284958427815,0.0011545647109771917,13.129122173366834,3815
0.49606473982891214,102231162,90.3087329864502,32767,1,20834.71410574812,752.37,2934.1308345579523,3571.3226139660783,107.666015625,103,0.07341603307989862,0.0011791930644473303,13.754542151162791,3816
0.4962439819934542,91775277,90.3087329864502,32767,1,20833.072782971973,951.78,3184.293820785219,3556.2251710367773,101.33272058823529,117,0.0694596919227461,0.001117800393903048,14.52094965778098,3817
0.49571825324425217,77388423,90.3087329864502,32767,1,20834.64591677454,1002.19,3858.108882868901,3692.9264991033097,103.359375,114,0.06832420283747717,0.001166012030882484,14.765625,3818
0.4967524358269262,195367765,90.3087329864502,32767,1,20835.749588748502,775.78,3243.729220849717,3601.486063282536,135.99917763157896,232,0.07941023451227534,0.0014384032395216195,12.647349683544304,3819
0.4971456234989375,112811747,90.3087329864502,32767,1,20829.521187772705,974.68,2943.240922175211,3478.446818817183,112.34714673913044,168,0.06437628145070404,0.0007663047637706594,15.626687365010799,3820
0.49670468829439157,62220619,90.3087329864502,32767,1,20822.09996974489,1007.19,4076.426425009416,3582.3203993920047,126.04801829268293,62,0.11819337571094012,0.0045895788163100365,8.599411231884059,3822
0.49536000780240413,121628473,90.3087329864502,32767,1,20832.11888181796,890.1,3253.4860738802913,3540.700680764488,99.38401442307692,130,0.07163986007839827,0.0010702326193997441,14.06691661432161,3824
0.4980571593716852,231454770,90.3087329864502,32767,1,20832.714569954966,2275.41,6842.4433968480735,3126.3977774056825,117.45383522727273,389,0.07316081071603898,0.0012415134455580157,13.703748082822086,3827
0.49758401699550253,98057740,90.3087329864502,32767,1,20829.118768127406,1452.54,6100.064089890642,3306.475418173347,172.265625,187,0.08070806817350595,0.0016541422724494516,12.456949680974478,3828
0.49952943583448417,97870605,90.3087329864502,32767,1,20831.433094641365,2054.05,5751.6911959067775,3119.228061780388,156.60511363636363,171,0.07792343604108311,0.0016927256390262258,12.908598542944786,3829
0.4955506011928581,55288187,90.3087329864502,32767,1,20830.400684083157,1541.08,5379.973197114397,3304.9675524189993,172.265625,150,0.07908810056461063,0.001690538052344777,12.728987068965516,3830
0.498534093772189,71754277,90.3087329864502,32767,1,20834.39058842392,1729.91,4793.373036161345,3191.6997142169575,117.45383522727273,127,0.07767627685995034,0.0016142131460043548,12.976117660142348,3831
0.4991446282655074,45285808,90.3087329864502,32767,1,20836.409746541616,1216.95,9536.63471488891,3883.467507739058,114.84375,79,0.08603290889005175,0.0021166973914060563,11.772477833044983,3835
0.49689502651175127,151828537,90.3087329864502,32767,1,20830.42116884277,1464.31,5232.501259520859,3309.2015032963022,147.65625,221,0.07182354153782725,0.0011637163656727256,13.986297988611316,3846
0.49821161168870065,256866118,90.3087329864502,32767,1,20843.55668649011,3170.11,8699.496195230924,3444.2462355937155,114.84375,366,0.08693169322523531,0.0019310996093283503,11.534800356750823,3850
0.5001112735102883,103922640,90.3087329864502,32767,1,20833.42791581708,2145.38,8398.068919870411,3702.9215646032644,105.46875,78,0.0963477338987543,0.002093873081417594,10.513864436619718,3851
0.49783433972840074,104542613,90.3087329864502,32767,1,20831.8579220702,2907.63,9971.988088576123,3293.3270627997977,166.70866935483872,87,0.1225797605864051,0.005647468039556424,8.252813532488988,3852
0.4991818631239599,104636979,90.3087329864502,32767,1,20838.23945067621,2701.03,8431.069868408093,3777.93983390098,184.5703125,82,0.11839310209680579,0.006328280502352346,8.550715042372882,3853
0.49894474384270304,147712405,90.3087329864502,32767,1,20835.48594791452,982.79,6116.936368538389,3803.6971586292507,172.265625,114,0.10099652840487228,0.0026597716358188112,9.988952822990845,3858
0.4990410903007304,171938343,90.3087329864502,32767,1,20832.45190732677,891.65,5017.399154277588,3615.737721673829,147.65625,130,0.11933976691451775,0.004580775106329777,8.44439338235294,3859
0.4970008638375985,123504067,84.2881327867508,32767,2,20836.095786092214,672.64,2869.9457554961846,3675.4309851521466,101.33272058823529,124,0.06796084287373487,0.0010425699216274065,14.833984374999998,3864
0.4964889181479043,77925430,90.3087329864502,32767,1,20834.67065076927,1065.59,3880.504321430525,3420.5291852008268,97.50884433962264,130,0.07154986025417918,0.001309862083346241,14.084610849056604,3865
0.5022933694965888,111918053,90.3087329864502,32767,1,20837.7750188555,1975.2,9010.58598811107,3343.471244920121,191.40625,74,0.125642220358463,0.004059783581950298,8.068136867088608,3867
0.49563715417373955,46621233,90.3087329864502,32767,1,20834.529706066292,1613.77,5228.483482330865,3266.1606671445516,156.60511363636363,214,0.07478351591027647,0.0014748074030827116,13.434709821428571,3869
0.49773713311128276,159706665,90.3087329864502,32767,1,20830.976296517794,2403.11,9735.771448805852,3168.4818019398285,92.28515625,410,0.10003315425599742,0.0037987935084080196,10.021127447502836,3873
0.4985968746472948,73663865,90.3087329864502,32767,1,20834.73415776567,1541.74,5175.53296624873,3345.342216268722,184.5703125,86,0.10230438842203547,0.003946995771569047,9.889748831775702,3874
0.4949107759045647,61195426,90.3087329864502,32767,1,20836.759830424922,977.25,3136.8433138034325,3457.7853846126313,120.18531976744185,90,0.06392009987515605,0.0007939786939728186,15.8203125,3877
0.49616672065651657,55843649,90.3087329864502,32767,1,20830.728163805205,1230.22,4923.270891024005,3488.9037938672905,99.38401442307692,104,0.08115712304339212,0.0019564280939946607,12.441406249999998,3878
0.4967639833711262,72389317,90.3087329864502,32767,1,20828.77202223482,1117.32,4053.127170834114,3391.041305805724,184.5703125,98,0.08869065151833928,0.002082142296871345,11.391384109311742,3879
0.49644379356680945,73922309,90.3087329864502,32767,1,20833.943528491644,1111.11,3948.3825536494223,3428.6269074225524,191.40625,117,0.07416373445930095,0.0011312535065048682,13.599917763157896,3882
0.49911332054189195,56169159,90.3087329864502,32767,1,20829.68072635037,3185.18,10395.324499264714,3026.4944223083053,135.99917763157896,79,0.07873946159660446,0.0011255007764372914,12.862934191871455,3883
0.5000174428745857,79116495,90.3087329864502,32767,1,20837.122424559566,1103.65,6340.696100394569,4054.219560281545,114.84375,57,0.11527048914804017,0.0029599129194615237,8.830162432553957,3884
0.4925573093820862,94052661,90.3087329864502,32767,1,20834.39259362599,843.84,3219.6604465296427,3557.5779941253863,95.703125,148,0.06910700788251808,0.0008863844967408545,14.568750000000001,3889
0.49610661874812817,60805416,90.3087329864502,32767,1,20837.39368787347,1910.85,6945.202525536729,3584.72375444667,191.40625,115,0.08310299558419859,0.002082361787372975,12.138815487132351,3893
0.4971726662537702,94437013,90.3087329864502,32767,1,20832.995300365397,1328.03,4654.096779376558,3265.3400118750355,166.70866935483872,153,0.08852607709750566,0.0020552389504156694,11.37042304788611,3895
0.4995432458697765,56118578,90.3087329864502,32767,1,20828.85293812763,2154.12,11565.091969792928,3014.708103528376,105.46875,82,0.0842798353909465,0.0023622731723614144,12.01171875,3898
0.49829443271561497,46762934,90.3087329864502,32767,1,20834.801836539213,1836.75,6985.81828390728,3336.260370718647,93.96306818181819,97,0.09602418745275887,0.0028207359873486677,10.522522433879093,3899
0.49583320271272874,61378850,90.3087329864502,32767,1,20835.69462470088,1374.57,4249.439805304693,3432.8653106240163,191.40625,76,0.1119201814058957,0.0035823646342144798,9.054071576763485,3904
0.4962916626846567,61881959,90.3087329864502,32767,1,20833.96543036116,1064.06,6790.577534410744,3555.4421014963145,103.359375,102,0.07678678071888823,0.0012704313913182229,13.15201627994012,3905
0.4960846560846561,50263712,90.3087329864502,32767,1,20831.82977408247,1148.18,3720.7350688850142,3533.9565553776642,112.34714673913044,96,0.07039312567132115,0.0011090098056990708,14.35546875,3907
0.4957950213052254,71274799,90.3087329864502,32767,1,20836.372981610228,968.69,4334.808679006431,3536.9368534261466,107.666015625,86,0.0833186607976524,0.0022016267937969747,12.143314549180328,3909
0.5001758977822808,203045302,90.3087329864502,32767,1,20827.812153230087,2126.41,8878.15573209026,3397.3307687337815,126.04801829268293,157,0.14341298912727482,0.009129199091804886,7.017566975869228,3911
0.4997220943515251,117058654,90.3087329864502,32767,1,20832.91762740184,2334.4,8798.162656616229,3272.621837955043,172.265625,122,0.10938325743520548,0.003575323240013413,9.217722039473685,3912
0.5013992853214564,65188545,90.3087329864502,32767,1,20835.555731651482,2883.88,10638.853643132807,2943.6675724683364,178.20581896551724,91,0.0921058201058201,0.0023118252534237793,10.977711397058824,3919
0.49878844999362343,60099450,90.3087329864502,32767,1,20835.37981703884,1259.64,9217.755541004664,3709.5496619049545,109.95678191489361,77,0.09456021004893184,0.0017335045796510922,10.714420941033927,3920
0.49783832947098255,217487781,90.3087329864502,32767,1,20833.686356090057,2276.89,6778.0168209870935,3369.946080371399,112.34714673913044,333,0.08759937710023769,0.0023256914900546093,11.449990643712576,3921
0.49759056331892365,78087885,90.3087329864502,32767,1,20834.53256704981,2520.95,7731.5409300775045,3499.9460822798746,172.265625,108,0.09396486320384853,0.0024502656872829897,10.74173643187067,3925
0.49665262930569054,35339498,90.3087329864502,32767,1,20832.381848612462,2640.46,7994.533833034123,3459.783285879595,99.38401442307692,90,0.09379296287803511,0.002375435591946796,10.781575973574409,3926
0.4977870068523398,76773044,90.3087329864502,32767,1,20843.98165597384,1023.2,3349.125772201472,3677.853763103933,114.84375,116,0.07854402050675342,0.0012056940623966336,12.842424485861182,3927
0.49799160617468524,102225646,90.3087329864502,32767,1,20842.393737253653,934.52,3402.438478550436,3507.8328751433664,178.20581896551724,148,0.0760571983895599,0.0012987373013963837,13.237441588785046,3931
0.49729736855982704,133695268,90.3087329864502,32767,1,20835.049807519907,1712.77,4413.953321773968,3421.0178639657456,147.65625,160,0.09711490466207448,0.002735542226061285,10.361842105263158,3932
0.500622931164803,100708174,90.3087329864502,32767,1,20835.066400813197,1177.59,8042.910968732475,3592.5421738817195,101.33272058823529,102,0.08471834938595901,0.00225954599024607,11.92068775440977,3933
0.49771942144949743,72288295,90.3087329864502,32767,1,20849.404706338566,2694.77,3666.3086018634444,3490.9162218098763,92.28515625,87,0.1111047829984707,0.0032555008081875487,9.105169729647631,3934
0.4983995823023314,66225859,90.3087329864502,32767,1,20832.825939126113,1441.11,7158.549180178927,3467.0136278348355,101.33272058823529,94,0.09587594177455928,0.0028317918910596637,10.54229736328125,3935
0.49765650307742143,70171803,90.3087329864502,32767,1,20827.09444596291,1282.5,9668.641912659401,3259.872572944415,101.33272058823529,116,0.0770296756383713,0.0013604113467273126,13.094896788990827,3936
0.4967927110784254,151681920,90.3087329864502,32767,1,20834.035753440516,1811.2,7787.535246969147,3412.451741691842,161.4990234375,153,0.0869984485022079,0.0020963578480011924,11.570079291044776,3954
0.5003109815354714,74182523,90.3087329864502,32767,1,20835.8707191448,1140.43,6974.519298837409,3637.709895404183,105.46875,68,0.10223711375097301,0.002986493628272765,9.927171610169491,3958
0.49671465485418975,103180099,90.3087329864502,32767,1,20835.640487616234,3560.62,5688.011188434476,3606.02634687231,156.60511363636363,136,0.09511581422692535,0.0033138683991889174,10.59137658227848,3959
0.4980093007438134,155406906,90.3087329864502,32767,1,20840.315081993987,2097.9,5517.434900555327,3664.328725526354,126.04801829268293,166,0.12250285164570877,0.004813947987761758,8.21254846352671,3962
0.49657726965131604,104288465,90.3087329864502,32767,1,20833.57242582897,830.09,3566.1269420990457,3666.9244966977735,105.46875,107,0.08904633551533822,0.0034275760054378753,11.336052813653136,3964
0.49658778982087254,53072685,90.3087329864502,32767,1,20831.710686347906,2519.89,8433.35143517833,3168.4181303612845,191.40625,107,0.07798399863089889,0.0013371189728511278,12.944116485252808,3966
0.5002755114737197,97234071,90.3087329864502,32767,1,20835.47048218317,848.15,9343.661321012158,3949.4333096308756,107.666015625,82,0.10893312057333221,0.00508070344237169,9.293277138157896,3968
0.5005313953538405,82071337,90.3087329864502,32767,1,20827.124254002676,2312.19,9258.61551000215,3153.970427456201,172.265625,105,0.09857317285888716,0.0026050939096315504,10.24229367214043,3972
0.4961464167813374,29395573,90.3087329864502,32767,1,20834.852610939914,1390.05,4472.564341678537,3253.5450302840227,112.34714673913044,101,0.06942766439909297,0.0009327037717823359,14.547515154682275,3975
0.5001101392938128,38508830,90.3087329864502,32767,1,20829.02791707159,2037.01,6140.136185896611,3206.4331145806746,107.666015625,83,0.08410154305624688,0.0023196018068633623,12.035392992424242,3977
0.49782439674347356,136756990,90.3087329864502,32767,1,20832.143841767564,1612.12,5130.795835880282,3489.0831444963424,143.5546875,194,0.07579570688378977,0.0015994055672585872,13.26171875,3978
0.49661421345094814,101811786,90.3087329864502,32767,1,20834.156082579553,700.16,2833.4893247898813,3644.3482346341007,107.666015625,101,0.07244625850340136,0.0014614641561900643,13.941368689903847,3981
0.4976077097505669,80092005,90.3087329864502,32767,1,20832.687847424684,1994.31,6439.174787994889,3250.8800923887356,147.65625,199,0.07018759018759019,0.001171318969365519,14.319490131578947,3982
0.5007502589513172,78790343,90.3087329864502,32767,1,20833.35729962767,2625.01,9712.801033978762,3121.3920585813626,99.38401442307692,80,0.10110967593788571,0.002798723162397655,10.015443313953488,3984
0.4992888674207355,33302355,90.3087329864502,32767,1,20832.352336003434,2178.99,8982.455496653243,3267.8585796772854,114.84375,90,0.07513872964916304,0.0018479769868119508,13.458251953125,3986
0.4989628819453076,79530672,90.3087329864502,32767,1,20838.806101734237,2957.28,8824.616974916951,3082.2415424963224,103.359375,87,0.09328481780309021,0.003866473321573832,10.84450750723589,3990
0.49649302396117684,235175452,90.3087329864502,32767,1,20835.35027333651,1618.88,5724.325380606067,3439.2541639341453,126.04801829268293,327,0.07692500313008639,0.0019227825932407437,13.03955078125,3991
0.49661285621876755,41297895,90.3087329864502,32767,1,20833.48409973533,1929.62,6359.842496520475,3260.251160768717,90.66611842105263,140,0.0684905137114798,0.0012243631874109906,14.705602134146343,3992
0.4987379779498006,65764384,90.3087329864502,32767,1,20834.311254984754,1867.46,8612.839489104628,3749.594346541181,109.95678191489361,78,0.0918243661100804,0.002790997184787653,11.031788793103448,3998
0.49831160534389196,53569444,90.3087329864502,32767,1,20829.240103058768,764.16,2829.897978111591,3646.8781710101002,109.95678191489361,91,0.07120786092214662,0.001267639864276944,14.199431046195652,3999
0.4969137607287423,103565092,90.3087329864502,32767,1,20839.1194731952,1267.0,2788.9042078444745,3579.0213884291056,105.46875,99,0.07060761719653849,0.001523071798516633,14.307296036073824,4000
0.49682722551386144,132197315,90.3087329864502,32767,1,20833.87850879599,710.95,2762.6353870376465,3616.220025084926,139.6748310810811,144,0.06876678876678877,0.0012443749240938465,14.643595041322314,4001
0.49666950113378683,141245077,90.3087329864502,32767,1,20838.128356087804,735.39,3264.241168036379,3581.4535267174383,151.99908088235293,173,0.0664873701418552,0.0008997784039871763,15.127894987309643,4002
0.4971501357744744,103929933,90.3087329864502,32767,1,20835.636166400716,733.34,2844.422542048817,3606.9648956072997,114.84375,117,0.06935960591133006,0.0013210996643825091,14.541903409090908,4003
0.497378026005041,261261942,90.3087329864502,32767,1,20832.888745756263,1743.36,4683.187684620379,3573.1747921787105,120.18531976744185,291,0.07958839627805145,0.002000454403619852,12.60797205105634,4004
0.49710074505992874,80217221,90.3087329864502,32767,1,20833.116178058524,1941.07,6504.113700795328,3703.603003526089,101.33272058823529,96,0.08738035565103235,0.00215905483222261,11.564685314685313,4007
0.49705881740513774,127315690,90.3087329864502,32767,1,20830.121790987592,883.66,3684.7835783141504,3509.1862816434373,178.20581896551724,118,0.09238366571699905,0.003044660915065712,10.916940789473683,4019
0.4998445092322643,67322909,90.3087329864502,32767,1,20832.420929705215,2349.67,8792.078981775852,3696.843370542287,107.666015625,58,0.12139555237299599,0.0041528582654161775,8.382052223154362,4023
0.5088156387972452,149417964,90.3087329864502,32767,1,20843.993369212254,2075.95,10524.021341692684,2530.272129325515,151.99908088235293,52,0.1356773820639367,0.03105222654364409,7.514943372483221,4024
0.4980859727403506,106495161,90.3087329864502,32767,1,20831.77856910115,1041.2,6402.652816193858,3712.583177005222,90.66611842105263,97,0.10618291761148906,0.003543836615859075,9.515811859339406,4027
0.49591026886945255,125530054,90.3087329864502,32767,1,20837.20689585358,814.01,3645.653458634595,3649.836617144528,93.96306818181819,76,0.11888616780045351,0.005631915439348832,8.5235595703125,4028
0.49570623948504133,90229289,90.3087329864502,32767,1,20830.979326067343,1167.26,4710.16793166506,3547.3224781210733,191.40625,118,0.07819369343178867,0.0015262396002509156,12.898060755076141,4029
0.4975243341682242,84446924,90.3087329864502,32767,1,20832.705929238586,1857.22,6234.19475795998,3256.649351304986,105.46875,109,0.08255983875031493,0.0022848003749898187,12.224578857421875,4030
0.49794838570348776,82327507,90.3087329864502,32767,1,20833.817036497137,1168.69,3955.760764591747,3389.142260863568,101.33272058823529,116,0.07248664103322489,0.001225059203386643,13.915607590529248,4040
0.49800364590280555,111821328,90.3087329864502,32767,1,20835.934609399315,944.33,6766.871523347,3869.177645563312,101.33272058823529,83,0.12218793208340245,0.003275190670000904,8.283920553302433,4041
0.4959343214409947,98593563,90.3087329864502,32767,1,20833.755748050855,788.63,3603.574154047247,3532.503434685307,97.50884433962264,80,0.10889864806682166,0.004256355479892241,9.29908906882591,4042
0.49814885303714984,93041576,90.3087329864502,32767,1,20835.33723733396,2674.67,11504.252856543078,3120.6061335764075,147.65625,196,0.07102924588638874,0.0009209286422402762,14.150906328583403,4050
0.4960418691286038,78478585,90.3087329864502,32767,1,20834.844046944174,929.55,2809.256707168564,3475.131453001896,126.04801829268293,99,0.06764588828728771,0.0007730585858283677,14.933710048161121,4051
0.49893532015980996,89317480,90.3087329864502,32767,1,20837.26080984775,2144.34,5716.781884634532,3407.708852681269,97.50884433962264,120,0.08702604851464396,0.002416901148872512,11.587373878923765,4052
0.49705215419501136,84674622,90.3087329864502,32767,1,20830.200861858688,2745.71,7644.1901535797,3291.1668364065204,161.4990234375,143,0.08748363195043275,0.0029609759332995555,11.511207651869158,4053
0.4972778291905465,71005896,90.3087329864502,32767,1,20831.980841978795,2370.71,6706.086256849554,3242.7143271065,103.359375,105,0.07959532530961103,0.0016807945918508862,12.684355276998598,4055
0.49651605352512146,57118782,90.3087329864502,32767,1,20832.963079369798,2650.64,8541.383093101977,3446.972152290443,95.703125,115,0.08320483749055177,0.0020169470094509394,12.123957695838433,4056
0.49747118509462157,100471069,90.3087329864502,32767,1,20832.265725849993,880.45,7028.572593955915,3883.7934604491847,184.5703125,168,0.07751571686558854,0.001396778827953733,12.977858744394618,4059
0.49897810976242346,433902344,90.3087329864502,32767,1,20828.844313280868,2651.0,9029.852020604725,3029.850015092614,126.04801829268293,597,0.10252233331811471,0.00456208056203046,9.770338032015962,4061
0.49861995252622054,536690015,90.3087329864502,32767,1,20833.419238041082,2389.7,9373.468351134743,3331.586430856924,82.03125,480,0.12911555157901713,0.007107927471511265,7.761169513797634,4062
0.49713888560360825,153729231,90.3087329864502,32767,1,20835.99552179747,1144.38,5368.396528294556,3565.4023966046343,156.60511363636363,149,0.10441135012563584,0.003268689502902726,9.642215674305033,4063
0.4969377780437688,95245187,90.3087329864502,32767,1,20833.875168183924,1085.53,4211.752737363624,3501.7751534198383,90.66611842105263,121,0.08484958427815573,0.001888869889032289,11.883774586659065,4064
0.4974761296600377,94663548,90.3087329864502,32767,1,20834.440088849504,1447.11,5192.583686671508,3695.73806787404,105.46875,98,0.08019262687893026,0.0018650775799815612,12.59853078358209,4066
0.49701359001650547,237981652,90.3087329864502,32767,1,20833.220446213254,1642.22,6409.946235098474,3401.7628984774933,95.703125,511,0.08625530212084834,0.0023583130584915193,11.616222535629456,4072
0.4949519490335817,61621390,90.3087329864502,32767,1,20832.325190682335,1252.05,4138.368202475717,3437.2714304851424,184.5703125,96,0.09654612722281895,0.004129625491903365,10.466772151898734,4073
0.4972057198947955,115782038,90.3087329864502,32767,1,20831.386544361336,1329.48,4163.415922841804,3387.7830935499164,151.99908088235293,174,0.0763037238016594,0.0010941856512967218,13.181274736147758,4074
0.4979112815679541,42496388,90.3087329864502,32767,1,20827.72674648277,2139.13,9601.053247661663,3216.9181598926957,112.34714673913044,87,0.0841048357327427,0.0018179184237492193,12.028177668539326,4075
0.49814382896015547,39021259,90.3087329864502,32767,1,20829.91231292517,1221.35,4805.181291860369,3264.8111646811285,105.46875,94,0.07440372564796528,0.001974730058315562,13.584705327181206,4083
0.4965882138295931,60715060,90.3087329864502,32767,1,20833.884067036775,1460.85,5546.966710040095,3339.1568418395136,101.33272058823529,104,0.0837496422517227,0.00220024469262671,12.05627523553163,4084
0.4944822373393802,111039801,90.3087329864502,32767,1,20833.782736745492,893.34,3016.7667595776666,3520.395893507289,126.04801829268293,111,0.07535930735930735,0.0019134165145028286,13.390395220588236,4087
0.49724692563843337,137329206,90.3087329864502,32767,1,20837.525694408745,1530.71,4248.821619151848,3519.647911972717,143.5546875,203,0.07828113423587257,0.00139103159630399,12.837709939427311,4091
0.49705058674775593,90356003,90.3087329864502,32767,1,20844.038713334798,780.2,3662.141494900658,3617.9651835969944,198.76802884615384,98,0.0889300324940973,0.0022702975233517032,11.360720895020188,4095
0.4984911913483342,64751614,90.3087329864502,32767,1,20832.012675155533,1049.33,5862.9895256343425,3883.8594084339275,101.33272058823529,78,0.09996642812969343,0.0029869667181508693,10.133272058823529,4099
0.496570610114668,121853774,90.3087329864502,32767,1,20831.552220063964,786.39,3039.243180421884,3660.826087159388,129.19921875,110,0.07360086542262165,0.0013138349429556006,13.711446273516643,4100
0.4972904061778321,94663860,90.3087329864502,32767,1,20833.635202775426,2040.95,6290.375943001539,3319.423799427265,178.20581896551724,125,0.08679394338380512,0.0019293972552396088,11.614456917475728,4101
0.49946338265201723,112915964,90.3087329864502,32767,1,20834.32230448963,1915.76,6310.47338769714,3328.8170785213706,184.5703125,120,0.09034318489300482,0.0024900413544047977,11.161919546436286,4102
0.500144845015833,77746700,90.3087329864502,32767,1,20830.149564965486,3440.3,6444.972051582486,3670.073967799477,93.96306818181819,108,0.08365693941127852,0.002622107577960486,12.065296692607005,4103
0.4991412406546777,85816885,90.3087329864502,32767,1,20830.78049718237,829.53,4832.003281739226,3857.925872680669,107.666015625,83,0.09670261600575189,0.0023672519511432517,10.467091416544656,4104
0.49663655874836,108205188,90.3087329864502,32767,1,20835.774718954843,957.9,3586.9853832041617,3538.0002378810227,101.33272058823529,114,0.07808480324283104,0.0016395612505441454,12.919921875,4105
0.4982037492134725,117697535,90.3087329864502,32767,1,20832.76059170614,645.07,3052.1847993437846,3645.3757903094065,101.33272058823529,112,0.08534902249187964,0.0018400838466431778,11.822150735294118,4106
0.4967798545986919,62212861,90.3087329864502,32767,1,20834.407941515197,2792.9,6668.160284812636,3501.2791944771807,178.20581896551724,102,0.0936844704878651,0.0021039694795084362,10.779812116564418,4107
0.49753310271808787,94775002,90.3087329864502,32767,1,20838.082031300233,803.79,3272.4231780301707,3685.258482745706,191.40625,115,0.09216692524963199,0.0026161036435082947,10.945053522099448,4117
0.4967839465535318,80597833,90.3087329864502,32767,1,20833.369299978054,975.65,5295.337151722381,3702.3257009033487,97.50884433962264,106,0.08690897311305475,0.0014021257879203843,11.615875477099236,4121
0.4964506635987728,79241064,90.3087329864502,32767,1,20833.337130685606,1123.48,4463.374272842493,3508.2586551617096,178.20581896551724,128,0.0852007784741193,0.002080715902798825,11.829399141630901,4122
0.4992078855028913,173607432,90.3087329864502,32767,1,20832.110195478373,2340.97,9641.085455382856,3277.358741752118,132.51201923076923,185,0.09963127279897466,0.004177642980543355,10.091558145978468,4123
0.49748232626383887,78742380,90.3087329864502,32767,1,20827.525239262373,1987.72,7244.662149935687,3235.163721058505,172.265625,136,0.0795498446292097,0.0014448029562329431,12.66385135135135,4124
0.4953551312998318,80493467,90.3087329864502,32767,1,20834.104619267062,1039.83,3565.0386238894002,3524.9015237980516,95.703125,120,0.07239162331599305,0.001206794354269329,13.929834905660377,4125
0.4980999725897685,94540562,90.3087329864502,32767,1,20832.402369739106,858.77,4735.23315253007,3939.5265429310757,107.666015625,56,0.12792084106369822,0.004678448418148388,7.9594678217821775,4126
0.4979642227261275,98772913,90.3087329864502,32767,1,20829.673859914335,929.11,5764.325059124633,3852.699851694674,101.33272058823529,68,0.13221511490168206,0.004566638819246288,7.67631880733945,4127
0.49849776629090503,102098319,90.3087329864502,32767,1,20834.66703240436,951.48,5784.210144652107,3652.051391591412,184.5703125,87,0.09544481358434848,0.003038769954793274,10.599087252475247,4128
0.4959227280655852,113336710,84.2881327867508,32767,2,20834.43080084598,774.96,3141.3508681934027,3689.2255647269267,117.45383522727273,124,0.0664506019209852,0.0009606383128211879,15.171120383522727,4132
0.49787819889860707,73631753,90.3087329864502,32767,1,20832.639145340676,1654.49,6703.162517943309,3268.768703923553,101.33272058823529,84,0.10001366008250691,0.003150002176813244,10.11909965034965,4133
0.4971115430299104,69891896,90.3087329864502,32767,1,20833.93445632221,974.63,3776.3379723652756,3545.19946267826,107.666015625,99,0.07641260585866999,0.001642045993467106,13.220385174418604,4139
0.495450855239215,79684300,90.3087329864502,32767,1,20833.439190765468,835.75,3221.9302994217114,3571.96188870997,112.34714673913044,103,0.07079809701658442,0.0012409012790222257,14.263150622990352,4142
0.4963660677946392,36894083,90.3087329864502,32767,1,20831.81907539844,2394.64,8699.319316099334,3428.2802307294214,114.84375,92,0.07616655453390148,0.0013159472948614526,13.27339824120603,4143
0.4993765787416581,82621392,90.3087329864502,32767,1,20830.210884353743,1245.22,6696.366529498577,3576.2882348108915,112.34714673913044,50,0.1409782960803369,0.00463242876986357,7.238051470588235,4144
0.49611851543338426,77997650,90.3087329864502,32767,1,20833.276100236013,858.7,3352.577587417616,3564.7083977674865,107.666015625,109,0.07202485932644664,0.000942940091636669,14.012651585820894,4146
0.497431162941367,71110861,90.3087329864502,32767,1,20830.04208940719,959.07,3484.4453575950956,3550.8445568014104,112.34714673913044,104,0.06740549941659511,0.0008507788993016852,14.97961956521739,4147
0.4964239522969682,89648114,90.3087329864502,32767,1,20831.780881834216,730.14,3472.8854322784537,3610.9782435463285,114.84375,75,0.0905264448121591,0.002120161175617797,11.195772855285961,4148
0.49403362167912435,52991113,90.3087329864502,32767,1,20827.365019876263,920.87,5979.03295007298,3736.7344910611914,112.34714673913044,79,0.08231176231176231,0.0019153740797490863,12.3046875,4153
0.49547996976568404,97136493,90.3087329864502,32767,1,20834.517816410516,883.07,3358.7414569550033,3525.095017107436,105.46875,105,0.06441304727019012,0.0007099363503938513,15.674081997400345,4154
0.49575055486385533,101695086,90.3087329864502,32767,1,20834.094714809,815.71,3338.6285910434576,3558.559488011005,105.46875,103,0.07352985638699924,0.0014862312708740183,13.733250290247678,4155
0.5020382321969623,103740177,90.3087329864502,32767,1,20837.45521057426,1290.95,9328.162284511618,3665.055621596054,114.84375,40,0.17801965230536657,0.004343284034030169,5.761392140468228,4156
0.5024163511558469,132533390,90.3087329864502,32767,1,20839.656200941914,1905.85,11030.529333764345,2782.21650549605,172.265625,73,0.12222726127488033,0.0061179357455401545,8.295112549472295,4158
0.4956433190560175,80637809,90.3087329864502,32767,1,20834.798637356176,848.74,3166.317666577947,3578.227250804762,156.60511363636363,91,0.07107886117409927,0.0011137611383663047,14.225201338475499,4160
0.49793250633586766,92136689,90.3087329864502,32767,1,20834.884907666772,2945.48,10229.175813583184,3171.677765008016,172.265625,135,0.09106034453582429,0.0028766020129895324,11.063681910085633,4161
0.4966956232594871,102776296,90.3087329864502,32767,1,20833.103721868923,2578.22,2591.387659287917,3576.2715521142454,95.703125,128,0.07679040119985,0.0014074516742736752,13.124999999999998,4162
0.4973754207565379,90451556,84.2881327867508,32767,2,20833.910118295684,0,2643.2728564910544,3558.1095991384877,112.34714673913044,128,0.06746585248272537,0.0011626723831252173,14.939024390243903,4163
0.49830439638541985,66677328,90.3087329864502,32767,1,20839.24133076116,3346.76,4305.375958526736,3707.6242027168637,114.84375,77,0.08646377849385369,0.002395724191900994,11.717714774734981,4164
0.4966552501721909,80155196,90.3087329864502,32767,1,20842.503262978793,944.3,3472.64478579918,3371.951687910463,139.6748310810811,107,0.06725024601035383,0.0013243068154582959,15.010115533387621,4167
0.49784170696391006,305566682,90.3087329864502,32767,1,20837.70768913626,1720.64,6526.816643241095,3388.605155500901,84.72079918032787,421,0.08682604470359571,0.0022121245724054557,11.54470361747851,4172
0.4957946815089672,144189031,90.3087329864502,32767,1,20830.791216587644,964.51,3434.149040469241,3482.9433762438853,151.99908088235293,177,0.0747392290249433,0.0014913711131398243,13.455876268755516,4173
0.5017258470983076,159330461,90.3087329864502,32767,1,20837.389671193283,2215.07,9811.910990809987,3544.9491598004747,156.60511363636363,129,0.10213151927437641,0.0041961446105275085,9.867791130106573,4174
0.4964756625754358,75684562,90.3087329864502,32767,1,20828.146258503402,1855.24,6048.69325497728,3343.7932598371062,107.666015625,101,0.07511655328798186,0.0012251340904252863,13.445771348531684,4175
0.4957261766495216,140199436,90.3087329864502,32767,1,20835.714246999614,1130.46,3969.4436175000887,3403.7977621653217,151.99908088235293,202,0.08126984126984128,0.0015370263004627603,12.36590485074627,4176
0.50095353456698,179960289,90.3087329864502,32767,1,20833.78846854057,1411.04,7461.353773104608,3459.969628703794,161.4990234375,114,0.10931872453996348,0.004109892086183551,9.228515625,4177
0.49580006910264945,98208661,90.3087329864502,32767,1,20833.5670215614,1062.72,4016.1794663555024,3450.8501925775367,184.5703125,142,0.06949518341615606,0.001015211540075256,14.491539543838863,4178
0.4951830255911889,78171359,90.3087329864502,32767,1,20832.60231616456,1065.86,3780.5405510759233,3396.0503194371504,139.6748310810811,94,0.07465340257966986,0.001273701666845667,13.539271530100335,4180
0.49586791903305666,70714820,90.3087329864502,32767,1,20836.50100376542,2710.57,4963.963230677443,3778.235940442807,184.5703125,103,0.08468454048285981,0.002102717452341896,11.924300655241936,4191
0.4981347377660742,99961214,90.3087329864502,32767,1,20834.305666352564,1158.1,5014.952989998821,3810.514655068095,87.5926906779661,100,0.1058970658970659,0.0031540485538659674,9.538517441860465,4192
0.5006296083147648,83048900,90.3087329864502,32767,1,20846.799951795612,1413.02,8258.649330435994,3208.0036357783215,123.046875,84,0.1103647242029342,0.0034798100970351406,9.170033269961976,4196
0.4984469259401874,76714264,90.3087329864502,32767,1,20835.259219327145,976.94,3639.4278058634977,3378.2422683564523,101.33272058823529,80,0.0994930968167858,0.002220421740953963,10.178175775480058,4199
0.49723943237254076,121345842,90.3087329864502,32767,1,20834.417233560092,1341.39,3206.475344541734,3574.25090537727,172.265625,146,0.07774681366799593,0.001686891699295815,12.950968717816682,4202
0.49435050210560416,70402019,90.3087329864502,32767,1,20832.50078717201,1120.51,3643.2826544758877,3432.8676745976977,107.666015625,99,0.07025220972742838,0.0008152756883895426,14.379676960370995,4204
0.4985676727404454,230235008,90.3087329864502,32767,1,20834.919501504184,1124.12,8413.210485388725,3556.2454708424293,132.51201923076923,352,0.08695906092731491,0.002078215365986959,11.532426778242678,4205
0.5001064640118713,102438661,90.3087329864502,32767,1,20836.82883660079,1246.51,6550.46345315064,3799.37304449816,172.265625,83,0.12247110226204304,0.0049516257839421415,8.264766979768785,4206
0.4969307109175609,57911979,90.3087329864502,32767,1,20835.734617975504,0,2919.9046964134777,3446.5306171169573,147.65625,105,0.06820861678004536,0.0010671539596709652,14.80187448854337,4208
0.4980964384219357,56986334,90.3087329864502,32767,1,20828.96967609445,835.15,7799.055239528857,3364.5043710849445,99.38401442307692,97,0.08900982615268328,0.0023186022742010173,11.351742951766303,4212
0.4985162099870052,249236379,90.3087329864502,32767,1,20830.81377535506,2428.89,8273.426660224015,3109.2061423123614,105.46875,353,0.10359925788497218,0.003564673818653859,9.680000895415471,4213
0.49693500588641254,122417008,90.3087329864502,32767,1,20844.821685195817,1570.98,3145.615557090963,3648.9728018283754,107.666015625,157,0.07472062329205187,0.001114932798043942,13.468975659860558,4217
0.4985865124316981,93391556,90.3087329864502,32767,1,20848.052873425433,1057.43,4568.446618226456,3796.105552056275,101.33272058823529,81,0.11174603174603175,0.002754381559124026,9.060724431818183,4218
0.4975633528265107,90948659,90.3087329864502,32767,1,20832.37951857156,2552.69,8931.875226005981,3066.6141858025057,151.99908088235293,200,0.06843469045909822,0.0007699944382808814,14.685901534526852,4224
0.49695551078039557,127379963,90.3087329864502,32767,1,20835.89872169135,991.68,3888.518236253797,3558.5083658236354,184.5703125,99,0.10354204266740707,0.003445914856791354,9.756462743135012,4228
0.5029589785957449,107208169,90.3087329864502,32767,1,20832.352285444755,1635.72,8304.385214140786,3512.863210692146,107.666015625,76,0.10092940287226002,0.002480069100060619,10.040021088957056,4232
0.5049774488549998,118061860,90.3087329864502,32767,1,20835.917246019286,1748.58,9070.347565862321,2789.3086771676194,105.46875,64,0.11259835150991615,0.008376910832762156,9.022094926350245,4233
0.5011566916328821,202568957,90.3087329864502,32767,1,20834.083621933623,1902.87,8515.686009671836,3185.763903047539,135.99917763157896,180,0.10974347280811766,0.0034250210263978968,9.163065159574469,4234
0.5000083366680005,113646785,90.3087329864502,32767,1,20835.747722005468,2220.62,8157.047592056157,3522.696467141982,184.5703125,108,0.1006921397842626,0.0037408458500719473,10.024077316810345,4235
0.49911692768835625,69338371,90.3087329864502,32767,1,20830.29883872741,2542.66,8531.821495428554,3318.26428580664,178.20581896551724,136,0.08961182497690436,0.0025313894477503045,11.241902591170824,4236
0.4979345743465345,191907704,90.3087329864502,32767,1,20830.045667879556,2589.05,9139.000620761897,3306.9305262554017,123.046875,201,0.10205170068027211,0.003363845028357525,9.847949552047782,4237
0.4966315679186966,95003497,90.3087329864502,32767,1,20830.88940526706,2073.17,8189.804570744626,3340.166674529972,147.65625,184,0.08228492125447628,0.0019405575233715799,12.219304163454124,4238
0.4966366586554782,73008482,90.3087329864502,32767,1,20839.60647955789,816.05,3213.3045298988955,3547.714423436793,101.33272058823529,91,0.09197682035777274,0.0023520463933098027,10.993107906732117,4251
0.4985996014567443,91205522,90.3087329864502,32767,1,20839.30735381021,809.48,3763.372091232844,3593.9159073294945,206.71875,91,0.09042882338120434,0.0020922481161478176,11.18129235021398,4252
0.4970125857949444,72988498,90.3087329864502,32767,1,20826.471801427506,951.27,3251.5317721003885,3502.1389855625284,109.95678191489361,97,0.07703703703703704,0.001679614746713327,13.115985576923077,4256
0.4973847635295776,60121601,90.3087329864502,32767,1,20840.273210373016,3213.79,7339.641368997712,3579.375592743837,191.40625,98,0.09647053323047432,0.0025578738912797367,10.472724100496277,4259
0.4959477618207777,30420147,90.3087329864502,32767,1,20830.480908289243,1368.66,3972.349030786662,3389.33201364062,151.99908088235293,159,0.06738195700221017,0.0009920981613897313,14.934697041984732,4261
0.49668986368493756,54656127,90.3087329864502,32767,1,20832.64193447494,1255.4,4245.517736214402,3520.635700856295,101.33272058823529,84,0.10379039969401416,0.004015650136379997,9.750884433962263,4262
0.4957544345299447,82822671,90.3087329864502,32767,1,20834.690841849006,1338.14,4457.420662858025,3353.101870653543,90.66611842105263,118,0.07839215458263077,0.0016518441959980114,12.86540743670886,4263
0.4964960121979826,39841167,90.3087329864502,32767,1,20832.994225994997,1404.61,4237.0753246172835,3373.1676098812536,93.96306818181819,124,0.07513448739929575,0.0014669820700715988,13.417674309045227,4266
0.49883304070496187,54256131,90.3087329864502,32767,1,20835.270980980342,2060.7,8467.521146424226,3101.343655244344,103.359375,92,0.10474496025516435,0.0040170200257807235,9.651910779537149,4272
0.4978637288248633,64940686,90.3087329864502,32767,1,20832.15420751634,2171.04,6660.493611085059,3128.029258616299,126.04801829268293,149,0.07326837041122755,0.0010780618230937366,13.740673514453961,4276
0.49557457391558773,114814960,84.2881327867508,32767,2,20832.632999292906,965.69,3547.424172892091,3550.21758920179,135.99917763157896,129,0.07229024943310658,0.001135650269177962,13.941195498745294,4277
0.4952793617446979,119268515,90.3087329864502,32767,1,20830.253490979725,2663.41,8593.25070927365,3584.3441316638573,95.703125,111,0.0978404452690167,0.002988596539014778,10.313637742718447,4279
0.4959788938989815,47854448,90.3087329864502,32767,1,20834.184365615125,1109.82,3488.708999455134,3498.6183592340544,103.359375,104,0.07529577526803602,0.0013527946077513768,13.409898952095809,4280
0.49422321445423195,81728522,90.3087329864502,32767,1,20833.48187693627,1028.01,3447.784612340267,3498.7475242224273,103.359375,111,0.07578148835291691,0.00142562697573423,13.315796918523677,4281
0.4964530668234372,93517394,90.3087329864502,32767,1,20834.321424372218,1048.76,3448.130660784926,3513.835381771502,112.34714673913044,115,0.06976170585193141,0.0012923333984243802,14.460253193430656,4282
0.49651165319368085,143680326,90.3087329864502,32767,1,20833.616758298787,676.63,3092.805316452065,3654.830833678176,166.70866935483872,145,0.07933484504913076,0.0017148483513670888,12.692335175304878,4283
0.4982467655278715,294249765,90.3087329864502,32767,1,20840.476552259963,1783.93,4303.701516117102,3521.0289989999974,117.45383522727273,434,0.07928568810126052,0.001477836553563262,12.641745223199187,4294
0.5025217648496071,345758179,90.3087329864502,32767,1,20846.46734908204,2189.29,9264.69100450584,3256.537988131561,105.46875,251,0.10546503401360545,0.003019997655265036,9.519742817040951,4295
0.4992931407813031,87484408,90.3087329864502,32767,1,20833.722558395773,1264.65,6353.460727808063,3670.6863633332687,191.40625,74,0.11928058894790794,0.0037123455911110123,8.4984375,4299
0.49691528262956836,145024974,90.3087329864502,32767,1,20834.015638087065,905.41,3432.5335696797,3532.3245796189117,161.4990234375,188,0.07096365819054895,0.0013181042436865114,14.167076771653543,4300
0.4972486772486773,101913247,90.3087329864502,32767,1,20832.13911111111,715.48,2778.316692834575,3712.866254355846,99.38401442307692,103,0.07307456315859677,0.0010798872771879348,13.818815712616823,4301
0.49847458952410106,262006396,90.3087329864502,32767,1,20833.149948777485,1916.66,7694.267729488643,3302.054844452672,103.359375,365,0.09383668485709304,0.0028141545759607896,10.686089926070698,4303
0.49477114302511127,32266504,90.3087329864502,32767,1,20832.84583522298,1292.33,5091.133240438195,3496.6077514840445,112.34714673913044,77,0.08753311851056213,0.0014984594397638269,11.574566426701569,4304
0.4978408029878618,93447313,90.3087329864502,32767,1,20835.14006227491,1578.59,5417.002388226279,3333.1980432224436,172.265625,80,0.13638049312552025,0.0072564560867752915,7.425242456896552,4305
0.4960746203243202,68759371,90.3087329864502,32767,1,20831.629987232987,2155.35,9106.599050268527,3374.136366622328,172.265625,160,0.07440608109071721,0.0012719811755693064,13.524288518155053,4306
0.5019669381823281,80415977,90.3087329864502,32767,1,20834.144140573393,2098.66,9684.580153901818,3053.0394370330673,112.34714673913044,83,0.10179967922128201,0.005310455225511333,9.94300895340751,4307
0.49704543545813384,56781905,90.3087329864502,32767,1,20834.584929873185,1135.18,5172.438197459624,3612.3517763036307,109.95678191489361,84,0.08085020353522936,0.001830066112612408,12.517571366782008,4310
0.5026493590633533,92676386,90.3087329864502,32767,1,20837.71587648665,2276.98,17200.224224972975,2950.6435682857614,105.46875,76,0.10340619803476946,0.0028653932780865776,9.799541541916168,4312
0.49643405749396535,81488558,90.3087329864502,32767,1,20831.343448592954,1795.76,6900.510676411605,3501.5105672369123,97.50884433962264,118,0.0736290869624203,0.0010187993966423307,13.697670990566037,4319
0.49633618879650626,72821595,90.3087329864502,32767,1,20837.180898491082,870.14,3559.4629088440734,3618.50226532469,109.95678191489361,64,0.10209408631177339,0.0032271187899732823,9.950361010830324,4321
0.4945014130446924,47075525,90.3087329864502,32767,1,20832.977271204047,1311.15,4076.360175435696,3460.0398423800048,103.359375,100,0.08138711376806615,0.0016406311565675452,12.411068083573488,4322
0.4977060591678532,82558143,90.3087329864502,32767,1,20833.73322760755,2349.26,8688.29805826257,3102.7221984245225,139.6748310810811,241,0.07314285714285713,0.0013470171242092224,13.728841145833336,4323
0.49506592760561013,29286338,90.3087329864502,32767,1,20837.7344239283,1466.69,3916.489880520399,3363.02928296175,132.51201923076923,110,0.068914269071543,0.001291711925678742,14.643909389489954,4328
0.4986302533500393,89107194,90.3087329864502,32767,1,20835.696135686325,1974.08,9051.59834588448,3450.5540503199227,99.38401442307692,99,0.09714470822342543,0.0032855796906813895,10.398961509146341,4329
0.4953889293812763,65996784,90.3087329864502,32767,1,20833.51124676061,734.06,3457.0957658653474,3524.8974625157357,93.96306818181819,129,0.06956916099773243,0.0011383487332952854,14.48648345827901,4333
0.49656830807942937,90056354,90.3087329864502,32767,1,20833.695667102224,1329.87,3347.2163398767293,3695.265386026532,129.19921875,227,0.08240001605361909,0.002161352109391149,12.18961872662095,4334
0.49589310994983005,115214318,90.3087329864502,32767,1,20870.74371570796,2784.71,3405.461895650869,3821.3394086346493,135.99917763157896,317,0.07678750825224603,0.001430197772357561,13.064163427033494,4337
0.4964934844330122,60277012,90.3087329864502,32767,1,20835.328911429813,956.31,3657.4269429929736,3464.938554937397,103.359375,111,0.07588703360131929,0.0016240602235209514,13.297277034075105,4341
0.49772455278407657,69465483,90.3087329864502,32767,1,20838.39367861342,1081.45,3859.7918704399026,3472.084437418586,184.5703125,59,0.14692626475877704,0.009600654033793819,6.923482203678474,4342
0.4955126367277435,61316408,90.3087329864502,32767,1,20834.456549754854,1109.13,3509.3747704366965,3467.6375677272445,101.33272058823529,96,0.08126984126984127,0.0015692576869232755,12.43421052631579,4343
0.4956466184357341,137816795,90.3087329864502,32767,1,20828.83988590145,930.65,4005.721768672761,3517.3080594204475,166.70866935483872,171,0.07334773909563826,0.0011408497590668502,13.713883554469273,4351
0.4975186264982183,153176963,90.3087329864502,32767,1,20833.98898499082,1921.12,8890.598018254399,3399.6297551552493,143.5546875,252,0.08330505641831766,0.0018410525066403787,12.051898250971684,4352
0.4977128782547502,83023399,90.3087329864502,32767,1,20831.215226464148,2220.95,9630.884821048307,3294.8053147476285,93.96306818181819,118,0.07829292400720972,0.0016685442112368918,12.881713403041825,4353
0.49798195631528963,88807926,90.3087329864502,32767,1,20837.142454987694,3113.79,3713.9747654452003,3537.022802378345,95.703125,102,0.09161536561819447,0.0026555300970734397,11.023270859473023,4360
0.49799150708524254,155043579,90.3087329864502,32767,1,20840.797861473206,1051.72,7819.967854917964,3423.438706269409,120.18531976744185,204,0.09007741027445461,0.0019582442861537,11.15625,4364
0.49967065600857413,268088538,90.3087329864502,32767,1,20830.652258642334,989.55,9756.07961533937,3554.173469820591,95.703125,406,0.08992715769435346,0.0020930318836417687,11.147568337583676,4365
0.4967100487837815,203919962,90.3087329864502,32767,1,20834.30756176747,928.85,3576.1380683280054,3468.4109868353557,129.19921875,229,0.08799140708915144,0.0024106284309804164,11.414591471354168,4372
0.4986463272177558,100983973,90.3087329864502,32767,1,20843.171494537208,2723.07,5456.475812687147,3670.6042744237157,101.33272058823529,75,0.11029478458049886,0.0041029462059588425,9.189133623755335,4373
0.49591984942125,81600258,90.3087329864502,32767,1,20825.96491040861,3146.99,5244.3695395818895,3474.378647936503,117.45383522727273,95,0.07991122690210836,0.0020243296277760816,12.647012654559505,4374
0.4973796664000321,87920046,90.3087329864502,32767,1,20837.5764663132,1539.08,3299.848237491493,3481.427300876532,184.5703125,127,0.07583342331641652,0.0013215704177125555,13.291454662818955,4375
0.4996641772651089,58635625,90.3087329864502,32767,1,20832.523972813764,2459.08,8549.524839455604,3170.2313603083735,89.10290948275862,95,0.07682346697544266,0.0012191650692298076,13.155333098874596,4376
0.49795473745053576,89723403,90.3087329864502,32767,1,20829.961365101597,1159.01,3392.258144337447,3603.0422872769122,101.33272058823529,104,0.07833916738216323,0.0016089100322029097,12.888938848920862,4384
0.4982374175723929,366813329,90.3087329864502,32767,1,20833.692232799887,1790.42,6417.930243779078,3407.8275325979635,68.90625,392,0.10636045722636882,0.0045963061628664014,9.426036432160803,4385
0.49756537933877837,121946585,90.3087329864502,32767,1,20835.01838227454,662.48,3231.0072071438885,3585.4809616042776,123.046875,117,0.08197044334975369,0.0016809178361303493,12.3046875,4386
0.4984612892776158,94433841,90.3087329864502,32767,1,20832.1813778625,751.61,3493.9533254241187,3565.05174732339,105.46875,101,0.0722140589569161,0.0011472919567464158,13.986196241961414,4387
0.4977883329531681,86360827,90.3087329864502,32767,1,20827.714618917915,2490.24,8481.792846324961,3186.2352368874276,114.84375,155,0.06551344347262715,0.0009552321201514978,15.363159882048333,4391
0.496471763308498,89879354,90.3087329864502,32767,1,20833.483770651117,2663.13,8697.442274471281,3221.7914723928634,132.51201923076923,128,0.06582034388558573,0.0007409399779181303,15.312499999999998,4392
0.49732228750085894,115946171,84.2881327867508,32767,2,20834.647961330997,1020.32,4564.026161318346,3637.5645767699043,178.20581896551724,85,0.12273404599935211,0.0040960133244221245,8.244694890202704,4393
0.5044378767292779,265680387,90.3087329864502,32767,1,20836.705153166276,2004.37,10385.313232889148,2793.4314115384527,120.18531976744185,130,0.11213978097699027,0.004165991926578133,8.98656952247191,4394
0.5045030909189072,235359636,90.3087329864502,32767,1,20839.889108222655,1813.82,10192.825206856667,2837.7308618907973,143.5546875,85,0.15839326206673146,0.011603766424273753,6.388559391361256,4395
0.4982596937966818,187286766,90.3087329864502,32767,1,20833.527613613205,1203.12,3792.343344132806,3568.6337685827575,151.99908088235293,141,0.0997628765792031,0.003063420469068446,10.095367051122196,4398
0.49810745924593763,81655646,90.3087329864502,32767,1,20834.50486094821,1769.75,5663.450021117082,3712.4434274931045,103.359375,97,0.08114890400604687,0.0014391662367474907,12.451390182563339,4402
0.495932291045073,91934394,90.3087329864502,32767,1,20841.660112583046,999.82,2937.109253096326,3442.24031963168,123.046875,142,0.0642254064746466,0.0006492043823769929,15.680588942307692,4403
0.4952478241021381,64678963,90.3087329864502,32767,1,20849.398976972527,0,2744.0740720724643,3575.579607793031,120.18531976744185,80,0.07568529521513247,0.001511237939246271,13.379854368932039,4406
0.4981893573499708,117391076,90.3087329864502,32767,1,20836.237834744694,1193.24,3118.769254980247,3473.8428004499146,161.4990234375,133,0.07995052566481138,0.0021681995095429773,12.602490717821782,4407
0.4976280550051042,79039219,90.3087329864502,32767,1,20833.015303977834,1733.02,5124.262913755284,3614.526599787448,105.46875,93,0.08455092181800257,0.0013283594903439832,11.955748600746269,4408
0.4958242166262216,97216954,90.3087329864502,32767,1,20834.239742212674,0,3015.776996209684,3469.188727842913,126.04801829268293,104,0.08262245998723111,0.0017543868458734083,12.220753751705322,4409
0.4992845623097724,90887364,90.3087329864502,32767,1,20837.162628687838,1131.35,7855.282281453677,3736.205527715421,112.34714673913044,63,0.11647428864018725,0.004726261040210009,8.724063002411576,4411
0.4948941545298209,41045084,90.3087329864502,32767,1,20847.505615669088,2807.23,3482.4514079246137,3440.966861719777,107.666015625,81,0.07401360544217687,0.0012986325656490871,13.679917279411763,4417
0.49953892668178385,54313232,90.3087329864502,32767,1,20842.034399092972,0,3885.401974702782,3545.1519973198424,126.04801829268293,71,0.08508454810495626,0.001531699918852574,11.920915570175438,4418
0.5004956445237476,64489709,90.3087329864502,32767,1,20854.3540977411,973.41,6259.427052196558,3540.4514133089788,117.45383522727273,40,0.18605732891447177,0.013067781617833521,5.512499999999999,4419
0.49746965711182256,111843125,90.3087329864502,32767,1,20831.091686685435,2519.4,8959.006669094184,3209.3325583847422,143.5546875,210,0.07388167388167388,0.0015519499563933531,13.599917763157894,4420
0.49681607802938527,89841379,90.3087329864502,32767,1,20839.53363981818,1187.58,4250.6264445494035,3387.8071599789837,178.20581896551724,140,0.07834646568459518,0.0014664033949553605,12.855643656716419,4421
0.49704062415926825,85056302,90.3087329864502,32767,1,20838.92123887489,959.74,2886.6341434153187,3475.6845418912753,129.19921875,120,0.0683915470950285,0.0008241313476570186,14.74456134094151,4422
0.4952632377916299,65315507,90.3087329864502,32767,1,20833.73843916925,1356.5,4047.560738706545,3359.4149223767126,184.5703125,130,0.07334985673856105,0.0011284551919676041,13.738976226993866,4423
0.49810515678073153,87525670,90.3087329864502,32767,1,20828.044833706062,988.91,3657.4222284239686,3557.7195106756235,132.51201923076923,95,0.07694697737250929,0.0016174531171842738,13.134216994382022,4426
0.49625990747176063,113246239,90.3087329864502,32767,1,20831.94725434033,2840.94,8421.944527945476,3487.0567568945394,178.20581896551724,144,0.09003821575250147,0.0019892913365264124,11.184062218214608,4427
0.4956696448759941,189748605,90.3087329864502,32767,1,20832.624936850334,992.6,3373.8781828447804,3503.302895471117,132.51201923076923,213,0.08247465023745348,0.001575355521225887,12.182130851593627,4431
0.5003789314134142,53430271,90.3087329864502,32767,1,20831.916180972832,3234.09,12332.526972098463,2974.553576183962,103.359375,77,0.0974627043799976,0.0027776958807090575,10.395339439655173,4433
0.4968077256680979,105812113,90.3087329864502,32767,1,20834.776539447823,1585.19,5530.522227259714,3262.380717427962,147.65625,207,0.08110076393016755,0.0014702464885176193,12.390196099722031,4435
0.5015850111088206,94740807,90.3087329864502,32767,1,20832.4771685105,2403.17,10274.087963072083,3168.3145535692097,178.20581896551724,91,0.1086177878558831,0.002786624410737769,9.308890662114015,4439
0.49958216045038706,94843076,84.2881327867508,32767,2,20829.162542028305,2557.97,9008.460180712273,3567.3534081425523,97.50884433962264,83,0.11199380565234222,0.004968785448857405,9.037956305309734,4440
0.505451733694755,110360590,90.3087329864502,32767,1,20833.027920406137,1582.25,8882.358307911703,3539.338899320836,103.359375,65,0.12136054421768708,0.004595254035098544,8.368658912556054,4441
0.496339809703865,61012747,90.3087329864502,32767,1,20832.622724689543,1285.31,3632.339763904259,3365.2452946189323,109.95678191489361,110,0.07317481120888723,0.0013343242604950843,13.79128002183406,4442
0.4969349943395311,124527359,90.3087329864502,32767,1,20833.904020343827,1576.78,4154.223662259916,3241.1680403619666,132.51201923076923,277,0.07247822800617833,0.0010952965503570923,13.84723683255949,4443
0.4969788478318549,103986848,90.3087329864502,32767,1,20839.314459680132,2118.04,8312.527723801008,3518.963855685871,101.33272058823529,87,0.09409481622106207,0.0029937179307779104,10.751154501434721,4453
0.4988576075591527,106173780,90.3087329864502,32767,1,20833.234700331745,1224.9,5543.225484015639,3572.423026870727,184.5703125,90,0.11675201915972382,0.004420435282664133,8.661400139664805,4454
0.4959940965633565,110690520,90.3087329864502,32767,1,20833.82135649959,2377.85,7891.381876783021,3499.6740854725253,178.20581896551724,122,0.08568355165757764,0.002400083603395225,11.767304731243001,4455
0.49726929462261094,71049490,90.3087329864502,32767,1,20833.51214265468,972.18,3883.7161394722934,3431.790100443166,92.28515625,112,0.08032849175706318,0.001440533660272933,12.56103515625,4456
0.4958742428639857,114688601,90.3087329864502,32767,1,20836.650208470484,763.92,3197.0010507821685,3535.6817497217653,172.265625,131,0.07314285714285715,0.001162629164090774,13.777043269230768,4458
0.49709151176394123,134787763,90.3087329864502,32767,1,20835.824716192208,1012.07,4216.889345665886,3503.5423286018645,166.70866935483872,156,0.08074551971326166,0.0016476607754566865,12.464488636363635,4459
0.4964887915950694,103708247,90.3087329864502,32767,1,20832.805605902493,891.72,3405.0782032178945,3519.4189813040057,191.40625,117,0.07436390648213308,0.001501249163288777,13.563309639973083,4461
0.4977008905107297,63090353,90.3087329864502,32767,1,20832.09220765569,976.11,3401.6797904175023,3471.834301652726,105.46875,102,0.073568173143845,0.0011671541696496846,13.7274169921875,4462
0.4967182477386559,96197675,90.3087329864502,32767,1,20844.922765443174,911.66,3027.2053856317407,3541.9308349508246,105.46875,109,0.08374233644074913,0.0018322940613443315,12.05195964377407,4465
0.4989052058213056,89026464,90.3087329864502,32767,1,20828.603240590768,814.02,3170.4434497442858,3578.8165496830434,105.46875,101,0.0752326530612245,0.0013815597114371079,13.425021701388888,4466
0.49511661807580176,62495198,90.3087329864502,32767,1,20831.78375445416,1058.02,4466.804343663188,3474.1496485089124,198.76802884615384,98,0.08581807980924329,0.0015412282538193164,11.772685669456065,4467
0.5003880070546737,85111476,90.3087329864502,32767,1,20832.66244394054,2179.05,9905.939450084928,3174.658402091779,178.20581896551724,94,0.09625045717211615,0.002865641734692064,10.501276750972764,6855
0.49511987300005733,74788129,90.3087329864502,32767,1,20833.406221890094,1144.91,3728.023194080094,3471.6160333282464,126.04801829268293,144,0.07956487956487956,0.0014854560042487773,12.65625,6856
0.49677404188682384,91974349,90.3087329864502,32767,1,20834.108422209927,1328.17,6251.480935200646,3522.1449638912472,156.60511363636363,148,0.0848239159609422,0.0016846420394355688,11.869326117318437,6850
0.4949561150657111,109873039,90.3087329864502,32767,1,20835.79564933318,1250.69,3642.028865537946,3387.7973334760113,151.99908088235293,168,0.06687903105353918,0.0010867422595953352,15.041904885654887,6851
0.4995697683835439,92451419,90.3087329864502,32767,1,20832.844774963556,594.21,3113.8706911434674,3815.1012362880715,93.96306818181819,115,0.0777053745474798,0.0012820031116302882,12.982009747706423,6843
0.4980453719949518,184537388,90.3087329864502,32767,1,20832.16962682509,879.36,4317.484072272294,3570.174676560515,151.99908088235293,109,0.12039976484420929,0.0051759779313164615,8.382568359375,6844
0.5002285618049165,84243321,90.3087329864502,32767,1,20832.365449274315,2811.57,9770.158305513152,3051.066839206379,105.46875,92,0.08241808078542773,0.0016917229578400984,12.266592492260061,6822
0.49972493928537887,53543254,90.3087329864502,32767,1,20834.389063317634,1623.18,8930.385646680481,3744.2575971489887,114.84375,74,0.09192557388252104,0.0024438023385941203,11.02738429930796,6823
0.49667314544865565,52958373,90.3087329864502,32767,1,20833.14227729187,1626.98,8663.12615628915,3587.5569582896223,120.18531976744185,61,0.11319727891156463,0.00441049261024642,8.981370192307693,6824
0.49608843537414965,64100842,90.3087329864502,32767,1,20833.558458859734,2035.83,8785.383338826272,3515.658295529938,93.96306818181819,152,0.07388866363322372,0.0014558979671011676,13.623504162330905,6825
0.4983691341889794,81372729,90.3087329864502,32767,1,20835.177538174546,1151.4,8557.305878025289,3759.0018228040763,105.46875,85,0.09578231292517007,0.002910454956917077,10.564630681818182,6826
0.49562392984404646,55088784,90.3087329864502,32767,1,20836.11606853626,1566.18,5680.385888284771,3321.5630418109245,89.10290948275862,101,0.07732244897959184,0.0015587836722353342,13.062183277027026,6827
0.5044194548567726,273147051,90.3087329864502,32767,1,20837.27310064409,1940.14,8443.724711633486,3015.0112099075377,123.046875,145,0.14891408415217938,0.010128706596810585,6.761915437195452,6828
0.4960677973186202,55883173,90.3087329864502,32767,1,20828.42235179786,1708.08,6632.177750980523,3280.1211801123645,172.265625,110,0.09841852337265179,0.003154855715050112,10.25390625,6829
0.498518692278955,62803239,90.3087329864502,32767,1,20837.88459700611,1467.36,7248.220083722508,3505.206374462586,103.359375,69,0.11217286914765905,0.004624977563832438,9.045911815068493,6809
0.49817643624315994,87663556,90.3087329864502,32767,1,20837.407802082907,1079.09,4397.417997278187,3593.861597011333,103.359375,103,0.08058690142723755,0.0021271260763727775,12.530621027542374,6810
0.49877755613523606,64933516,90.3087329864502,32767,1,20829.669074045658,2515.95,9009.007936926013,3198.883936158182,156.60511363636363,166,0.08021438878581734,0.001757711824179417,12.542146381578949,6811
0.5024469423185941,91758751,90.3087329864502,32767,1,20833.31344998937,1583.44,6946.342611936131,3411.1723977422957,184.5703125,88,0.11569942919696613,0.006062361873929319,8.742430795847751,6812
0.49565241734553905,48132337,90.3087329864502,32767,1,20833.647577055515,1206.17,3623.206147166385,3426.4168625501447,101.33272058823529,113,0.07194039520570132,0.0010394338715633427,14.02450693443804,6813
0.4958218581550267,87731709,90.3087329864502,32767,1,20832.067578011596,3019.47,7949.105412252213,3482.6115538436334,178.20581896551724,127,0.09131339308210057,0.0026602147743422146,11.03821108728557,6803
0.49690113655781387,78112106,90.3087329864502,32767,1,20834.038738102165,1089.98,3643.2900318102816,3372.107683672008,135.99917763157896,127,0.0770312781197135,0.0014946955735846102,13.084769363038278,6805
0.4996799911961379,90196816,90.3087329864502,32767,1,20831.29636869648,1467.92,8305.589409190241,3716.503447193092,101.33272058823529,56,0.1399529993815708,0.0072660901551877795,7.275169683257919,6808
0.49802926704951883,72280157,90.3087329864502,32767,1,20831.93106633884,1698.1,5369.856750930369,3488.2846330539046,107.666015625,93,0.08467711722370107,0.0017069830323154958,11.937930793591654,6799
0.49727369522459414,92255644,90.3087329864502,32767,1,20831.551456125977,2284.77,8393.388546060387,3180.5134395881682,147.65625,195,0.07594361455922574,0.0012882809570965278,13.235538563829786,6794
0.4985309661167684,78804748,90.3087329864502,32767,1,20835.36882295697,3006.77,3433.20086051013,3348.6683600268557,123.046875,130,0.07442985462919018,0.0013721832399039818,13.539619860943167,6796
0.4954916733718577,102670119,90.3087329864502,32767,1,20831.230807305,942.5,3496.1628597945896,3513.8664584198,95.703125,131,0.07108878423164137,0.0012774412765226843,14.175123665201006,6792
0.5020770078276131,197546112,90.3087329864502,32767,1,20828.283760585215,1314.46,6367.433286446637,3776.9411030852175,147.65625,100,0.14037518037518038,0.008155818511550781,7.1957236842105265,6785
0.5005825534633743,66823473,84.2881327867508,32767,2,20833.018156249607,2041.83,3569.001579143222,3730.2548939197695,126.04801829268293,51,0.13885532879818593,0.006825629613998289,7.34577497909699,6787
0.5001388556842687,104619815,90.3087329864502,32767,1,20842.66860098672,1886.12,5953.797864094525,3663.205314673029,191.40625,76,0.12430415721844293,0.0047079042263711655,8.15204701120797,6791
0.500515919355935,63265666,90.3087329864502,32767,1,20835.896791414114,781.21,7941.685892736463,3892.1674973568593,107.666015625,68,0.10830202727857313,0.003936670627800852,9.37125,6748
0.49846385533512094,74428577,90.3087329864502,32767,1,20842.01347611288,1224.18,4643.325675726702,3620.2861946011126,109.95678191489361,72,0.10906837852511897,0.0030317809494765633,9.297694902548725,6749
0.500994724130787,103491242,90.3087329864502,32767,1,20835.078871264817,1248.27,9905.924395917815,3908.4317562341803,103.359375,81,0.09781405895691611,0.00289052104832863,10.35127271884273,6750
0.4989344108570747,53308474,90.3087329864502,32767,1,20844.868838763574,993.73,5306.78752423388,3541.1729898821377,117.45383522727273,54,0.12464296410388055,0.004466692354885139,8.174291520210895,6751
0.5007512036013092,88744994,90.3087329864502,32767,1,20827.453134948562,1060.74,10374.367507017592,3558.4624103103743,107.666015625,92,0.08752136752136752,0.0019679797607541345,11.551339285714286,6752
0.49913895628181343,69584704,90.3087329864502,32767,1,20843.32571555429,1306.68,3940.666569249586,3476.4093879494185,112.34714673913044,94,0.07640114110160193,0.0013198633780975816,13.229549632352942,6753
0.497089089307285,45561471,90.3087329864502,32767,1,20835.009542579828,1693.89,7448.527723173527,3649.281279467518,103.359375,82,0.0908731558467008,0.002392267944083104,11.140206033123029,6754
0.49732377613622136,90004503,90.3087329864502,32767,1,20845.159024039065,1110.26,5644.258808572581,3450.2846279539835,172.265625,160,0.08170795362170026,0.0016054384987746594,12.3156836461126,6755
0.49747783344874874,72587029,90.3087329864502,32767,1,20829.17602550002,671.31,4015.4696102532407,3626.4289164227393,114.84375,52,0.12953092348050332,0.005927512561894417,7.871539982425307,6756
0.49727187321172284,46846511,90.3087329864502,32767,1,20827.07015095737,1304.96,7793.212332890752,3544.052563408627,105.46875,76,0.09674981103552531,0.0032649514462709615,10.473749999999999,6757
0.4964445650244342,55206847,90.3087329864502,32767,1,20830.673998599934,760.29,3301.6492698751485,3462.9271513548697,112.34714673913044,76,0.08931942554799699,0.002853891063817143,11.345049826689774,6777
0.5004718704052894,124022594,90.3087329864502,32767,1,20836.531502216585,1025.16,9363.920795179549,3616.968154508388,166.70866935483872,102,0.12058283379358344,0.00590939683073781,8.375163846520495,6746
0.49693992074944454,109053601,90.3087329864502,32767,1,20834.318838040268,2170.54,9605.766502813767,3276.570253324317,132.51201923076923,232,0.08524035299545503,0.002190498843085672,11.782318691037737,6734
0.49814953852220933,86042327,90.3087329864502,32767,1,20834.857480338847,1828.56,5657.208448207567,3209.217196353678,129.19921875,221,0.08126984126984127,0.001956928571194844,12.360617897727272,6735
0.4969974196575182,50468733,90.3087329864502,32767,1,20827.923322125785,1239.11,4858.423971387202,3528.695945613596,99.38401442307692,107,0.08148889744577076,0.0015665861513249868,12.38738029233871,6738
0.49713132379388536,81853499,90.3087329864502,32767,1,20834.536899386192,1742.01,7118.541587167922,3594.8379614995665,184.5703125,111,0.08285301999587714,0.0018416873457778155,12.179289410828025,6740
0.49982847839990696,110193121,90.3087329864502,32767,1,20832.97004767719,1007.72,6883.488844378449,3854.442497661681,99.38401442307692,80,0.09802347943396769,0.0040428832939963045,10.330772113943027,6731
0.49783040788331795,108936015,90.3087329864502,32767,1,20832.136555527562,752.56,3049.873148689755,3542.3761689701882,112.34714673913044,91,0.08836482741244646,0.002518189488312705,11.442461222627736,6732
0.49687962752221915,87146985,90.3087329864502,32767,1,20833.346407708064,3381.35,5653.251125473382,3448.804643402355,109.95678191489361,84,0.09511788651203454,0.0045973924883043835,10.639935661764707,6729
0.49663563949278233,92945035,90.3087329864502,32767,1,20836.63644556502,3332.29,7269.433831543613,3672.736588373621,97.50884433962264,105,0.08115820687249259,0.0018676284740125647,12.440089838376892,6703
0.4998181216931217,130278494,90.3087329864502,32767,1,20838.081939720334,805.51,5346.269532117216,4167.6720487619905,93.96306818181819,89,0.10805194805194805,0.0025253751317184424,9.359975961538462,6704
0.4982676878191101,381101041,90.3087329864502,32767,1,20833.714075455126,1577.15,6949.865792659058,3482.2769627927623,101.33272058823529,309,0.1182860676738228,0.006362809058176601,8.48152933795411,6705
0.4976841009627895,126612365,90.3087329864502,32767,1,20833.69905022118,883.09,3206.562031824218,3635.5342980178525,172.265625,157,0.07762311762311762,0.0015393966471919504,12.965341862416107,6706
0.4984465647730954,98620155,90.3087329864502,32767,1,20836.97696351268,808.58,3204.320762608441,3623.96848608398,191.40625,123,0.0749890338649121,0.0013902260162934423,13.444588753172587,6707
0.5011337868480725,67785337,90.3087329864502,32767,1,20843.156344671203,2691.08,7579.199167797406,3917.7464638178403,107.666015625,67,0.11205387205387206,0.0029388338170700146,9.059495192307692,6708
0.49678970353573526,84648292,90.3087329864502,32767,1,20830.509078693205,1251.84,4080.2235227808733,3385.285012395097,184.5703125,145,0.07465860418241371,0.0013884520122915292,13.487319451943845,6709
0.49715410712088454,122266234,90.3087329864502,32767,1,20832.321608746857,2207.65,5941.1627079349155,3488.9519452798454,161.4990234375,103,0.12543328442488108,0.006364380291364334,8.050526032214156,6710
0.49852770454274214,101365711,90.3087329864502,32767,1,20827.016330870465,972.1,3371.7795224227984,3769.7585826329464,178.20581896551724,113,0.09267249757045674,0.002293820759364874,10.887033347315437,6696
0.49834043507512893,94393897,84.2881327867508,32767,2,20845.09288829085,0,2951.7668647867145,3579.521880576468,178.20581896551724,113,0.0802332361516035,0.001989508150893288,12.574945494186048,6697
0.496690073879014,64430349,90.3087329864502,32767,1,20827.439463554238,1496.82,5316.821984005132,3426.7117756138464,93.96306818181819,119,0.08363119259003036,0.0019980207984698272,12.05859375,6694
0.4992141684259911,81217686,90.3087329864502,32767,1,20824.84146923137,1219.42,7582.486450166226,3350.308421708078,172.265625,121,0.09491156462585035,0.002715292002817755,10.623924885321099,6690
0.49950396825396826,118089727,90.3087329864502,32767,1,20838.30594851577,639.95,3442.45770107125,3805.7244431903996,92.28515625,118,0.08970444018063066,0.0019230815897303478,11.242999861725664,6682
0.4976484551056245,397319027,90.3087329864502,32767,1,20836.892001093383,778.56,2967.02373481099,3690.084780526852,99.38401442307692,378,0.08539646450976501,0.0022089983982049722,11.741147899386945,6684
0.49852870061929294,182140688,90.3087329864502,32767,1,20830.54942502329,703.34,2876.5273830283763,3637.9822727099463,151.99908088235293,226,0.07069186192995718,0.0012557915185595946,14.20877052919708,6685
0.4985819101054319,213328433,90.3087329864502,32767,1,20840.273352241198,771.83,2906.7811025068704,3638.813048562862,126.04801829268293,283,0.07027741593091137,0.0012084409320467634,14.279780865553604,6686
0.49893410457995574,57564553,90.3087329864502,32767,1,20832.744351433186,2986.76,4173.645231439711,3697.5478043489516,123.046875,96,0.06978207423320205,0.0011620303138229636,14.481173380035026,6688
0.49895776115829354,224095386,90.3087329864502,32767,1,20835.55793580372,1731.29,6838.782239129034,3451.764697156422,126.04801829268293,257,0.08784580498866212,0.0020423403828651624,11.428049980640166,6668
0.5017305167681108,161941950,90.3087329864502,32767,1,20838.516583408637,1441.17,7904.8965532807515,3580.639856268362,156.60511363636363,126,0.12687383219954648,0.007432247767907409,7.94490071376281,6669
0.49771971568896617,103479401,90.3087329864502,32767,1,20841.209148083748,974.19,3890.4103965252657,3501.3392269796122,129.19921875,83,0.1070383275261324,0.0034093207143327153,9.456380208333332,6670
0.5024733996162568,125339960,90.3087329864502,32767,1,20837.38604802605,1385.95,9840.294300109503,3469.28619884019,90.66611842105263,91,0.10719879062736205,0.0035167121518297484,9.432113041516246,6671
0.4982209357129709,54091223,90.3087329864502,32767,1,20835.556815768236,2393.75,7491.076322552516,3442.603338851473,90.66611842105263,134,0.08310299558419859,0.0015117779086996305,12.123736213235295,6672
0.49968492825635685,134744623,90.3087329864502,32767,1,20833.51896794754,1580.13,7405.705170021275,3542.9652118718286,161.4990234375,136,0.10552179390274628,0.0035754047295616376,9.546913202933986,6673
0.5062929933878313,124600854,90.3087329864502,32767,1,20833.371000781266,1956.7,10848.022699340554,3088.9583653623604,166.70866935483872,91,0.1042317964222726,0.002797607427835317,9.700601407797029,6676
0.4984288255532098,99113856,90.3087329864502,32767,1,20834.367791656892,1250.33,9691.773994818192,3677.8506865629624,198.76802884615384,98,0.09491455688804731,0.0027681195212344778,10.644408102143759,6657
0.4978280615907526,452579774,90.3087329864502,32767,1,20833.648340503943,1274.96,7091.824305037092,3402.2133952948443,129.19921875,582,0.09569738624078433,0.0024909254052316336,10.467591746711213,6658
0.49851552232504615,61749087,90.3087329864502,32767,1,20840.24416593464,788.73,4000.5326838784295,3457.0829449079597,112.34714673913044,78,0.08488853550078039,0.001968516236062047,11.933142761989343,6660
0.4973486014270503,54567446,90.3087329864502,32767,1,20845.83717335088,587.42,4037.55765887542,3449.2292357804895,83.35433467741936,64,0.10061980347694634,0.002939740030915005,10.096153846153845,6665
0.49835102642494256,31874798,90.3087329864502,32767,1,20841.013496388052,1267.57,5343.835197298082,3852.0195750346907,92.28515625,63,0.09587594177455928,0.0030825332051488317,10.598373413085938,6666
0.49968852009668335,89052308,90.3087329864502,32767,1,20831.85267000573,1124.27,9583.661223434192,3735.865727847253,112.34714673913044,47,0.15572513063196294,0.006684349801000587,6.561170482171799,6648
0.49682539682539684,75893198,90.3087329864502,32767,1,20824.58356299785,742.02,3180.531334783968,3484.021333708941,105.46875,85,0.091635892452219,0.0035271034818048904,11.042668269230768,6649
0.49702087731644384,87481224,90.3087329864502,32767,1,20832.238658221908,1090.11,3695.8274742452745,3482.586157954346,103.359375,103,0.08422924725445734,0.0020818327910161116,11.98875633445946,6650
0.4959436586836832,129173887,90.3087329864502,32767,1,20833.726561740044,827.2,3150.61021829611,3437.716259944083,139.6748310810811,124,0.084667883413528,0.0020859416967555205,11.906877090301004,6651
0.4994908966822975,97626238,90.3087329864502,32767,1,20835.037156286464,991.61,6903.634044982073,3848.383542539073,90.66611842105263,76,0.10928858654572941,0.004069243779060967,9.272087464589234,6655
0.49646831912841766,62154902,90.3087329864502,32767,1,20834.050344190466,1240.38,5371.087541914377,3524.572659666062,103.359375,80,0.09802347943396769,0.0020329532490906805,10.330772113943027,6656
0.4961283679145079,98074339,90.3087329864502,32767,1,20837.729488458077,949.53,3396.174321653948,3498.9095008468976,105.46875,112,0.07509877224162939,0.00116775603727979,13.43575905292479,6640
0.5026356863091557,129874049,90.3087329864502,32767,1,20836.50621472254,1517.37,8712.743123578375,3542.875568676534,172.265625,113,0.10189828312277292,0.003722918759494796,9.901330429806714,6641
0.4970654928638122,85011976,90.3087329864502,32767,1,20833.721859114015,1394.78,3918.315803982139,3313.443183045871,166.70866935483872,176,0.06886375121477162,0.0012225034540638692,14.604407514450868,6642
0.49454218468996797,20731216,90.3087329864502,32767,1,20837.277180910678,1222.41,5645.842068594242,3491.107417303369,101.33272058823529,98,0.08845127054258128,0.001907768502389927,11.422213294993233,6639
0.5007052936116976,84955460,90.3087329864502,32767,1,20836.019660645867,2113.13,10069.674993435374,3017.9645456650323,109.95678191489361,81,0.08983219954648525,0.003234134254760106,11.271014236672052,6633
0.49867987318384144,49517205,90.3087329864502,32767,1,20833.664569685898,2035.75,8475.437954763245,3139.4963272370073,151.99908088235293,115,0.07505748498229702,0.0010432863637860842,13.439991095658073,6634
0.5000547857690715,47584821,90.3087329864502,32767,1,20832.93526736384,2308.94,7627.320329545712,3210.3375396062293,135.99917763157896,170,0.07199559902856606,0.0011446594241286058,13.971925691793892,6635
0.49914051642162244,72484646,90.3087329864502,32767,1,20836.182884520935,2023.77,8355.660231193842,3258.703755384976,97.50884433962264,86,0.10025556889422434,0.0027238905042075547,10.091855415531334,6636
0.4964463880790411,67926326,90.3087329864502,32767,1,20832.173990929707,1481.52,4813.886657262386,3417.865757045998,151.99908088235293,191,0.07326506743048096,0.0013228579438525818,13.720906745204337,6637
0.4997074098456587,86673014,90.3087329864502,32767,1,20834.680475876987,1499.08,7778.5768445485355,3617.5178572207,97.50884433962264,86,0.10093850873682808,0.002515126807719221,10.023574932341,6631
0.49681305628827493,172837161,90.3087329864502,32767,1,20833.276219784966,1067.31,3652.275172559984,3467.1387905192155,143.5546875,207,0.0710124826629681,0.0009521806853195265,14.150390625,6630
0.49777537277537276,105408045,90.3087329864502,32767,1,20838.33282312925,2161.9,6122.359117937018,3342.9365985649133,156.60511363636363,173,0.0760048515530243,0.0015568645434919383,13.233549345026644,6612
0.4985006573426442,196330249,90.3087329864502,32767,1,20831.202927641563,3099.08,5073.685670650218,3417.103085249153,126.04801829268293,278,0.08667665381435365,0.001822325717649939,11.578782338007738,6613
0.49715522572665427,88602726,90.3087329864502,32767,1,20832.084539270254,3490.11,3012.682935505816,3654.9757443125027,95.703125,100,0.08783710117043449,0.002173443638903112,11.499707943925234,6614
0.49814576880044353,51728624,84.2881327867508,32767,2,20836.350441396666,2607.49,3039.531090685969,3577.3912166489467,107.666015625,74,0.09256173702357655,0.0029726992800945184,10.951594716494846,6618
0.5051218370946262,106721338,90.3087329864502,32767,1,20840.989655544756,2807.25,12600.211451436151,3999.783417398602,114.84375,49,0.1303703703703704,0.004752748540417249,7.830255681818182,6619
0.4977395570387484,65586592,90.3087329864502,32767,1,20840.050183259886,3602.28,3322.4066211210147,3589.310472651279,107.666015625,96,0.08322520587182242,0.0018946094471967768,12.142070484581497,6621
0.49852073793506324,115630901,90.3087329864502,32767,1,20839.80408623899,1572.37,2814.672251827946,3618.371421460706,135.99917763157896,101,0.10704399092970522,0.0037892067967564887,9.435373169739696,6622
0.4992252456538171,55543332,90.3087329864502,32767,1,20838.79528128712,1377.79,8048.655327256785,3796.310410933104,101.33272058823529,102,0.08264924451628836,0.0020213054187665763,12.219119436717664,6608
0.4982297680977153,111038879,90.3087329864502,32767,1,20833.10264867852,689.65,3606.5198456664957,3663.241279694608,178.20581896551724,131,0.09109366823652537,0.0020808947643962982,11.062155330882353,6596
0.4978081294629653,119632252,90.3087329864502,32767,1,20834.419391980395,1842.77,3673.3118223353677,3674.3150878508845,161.4990234375,168,0.07689002946487976,0.001642708564568255,13.083465189873417,6597
0.4971893284062596,51554461,90.3087329864502,32767,1,20831.026289857506,1098.33,3790.904130623573,3415.5662835057424,129.19921875,121,0.06685411942554802,0.0007009068215175543,15.082590900868306,6598
0.4983353241670267,80767887,90.3087329864502,32767,1,20839.05874794916,2382.37,9075.309583472754,3529.5815441675722,93.96306818181819,82,0.0976098093558411,0.0034872003781102243,10.371351872246695,6600
0.5022092646582442,109589584,90.3087329864502,32767,1,20835.472497570456,1187.11,8456.368681373238,3462.0201188547912,101.33272058823529,67,0.10484161341304198,0.00379446324728496,9.682715499161073,6601
